ID,text,Authority,Purity,Care,Thin Morality,Non-Moral,reason,confidence
297,"&gt; **they** deserve every drop of our hate and violence. Who are **they**? LePen often attacks immigrants. &gt; Le Pen's immunity has been lifted before, in 2013, by the EU parliament. She was then prosecuted in 2015 with **""incitement to discrimination over people's religious beliefs"", for comparing Muslims praying in public to the Nazi occupation of France during World War Two**. Prosecutors eventually recommended the charges be dropped.",1,1,0,0,0,"'Immunity' and 'prosecuted' invoke Authority (hierarchy, duty); 'incitement to discrimination' and 'comparing Muslims praying in public to the Nazi occupation' invoke Purity (contamination, degradation)",Very Confident
418,"&gt; I did 10 years for a hate crime You don't have to answer, and I have no advice, but what the fuck did you do to get put away for 10 years? That's a serious felony here in the US, even with aggravation, and I'd honestly be more worried about that actual crime than the ideology.",1,0,1,0,0,"'What the fuck did you do' is a Care expression (concern about harm to the individual), and 'serious felony' invokes Authority (legitimate authority, hierarchy, and tradition).",Very Confident
903,"&gt;I made everything worse than what it was OP, you didnt make everything worse than what it was. What you did was to shine light on something that was very inappropriate. The manager shouldnt be sleeping with her subordinates and especially barely legal boys. I completely understand the maternal instincts That his mother has.",0,1,1,0,0,"'Shine light on something that was very inappropriate' invokes Purity (exposing moral contamination); 'maternal instincts' invokes Care (concern for well-being of others, especially children); 'shouldnt be sleeping with her subordinates' is a moral judgment about authority and power imbalance, but it is secondary to the primary Care and Purity concerns.",Very Confident
1565,"Ah yes, Twitter. Such paragons of virtue and decency, considering they allow the most vicious human rights abusers, and police state mouthpieces maintain their accounts, internationally. Social media is cancer, and the sooner that we vote with our feet and abandon it wholesale, the better.",1,1,0,0,0,"'Paragons of virtue and decency' invokes Authority (high-status individuals), while 'vicious human rights abusers' and 'police state mouthpieces' invoke Purity (contamination of body or spirit). 'Cancer' is a metaphor for moral decay, further supporting Purity.",Very Confident
1836,"And our wonderful leftist government goes on pretending that they can just keep dumping third world immigrants here AND fucking over the working class (loi travail... thanks Hollande, really fucking socialiste of you)/ The left is just fear mongering. They have no argument so they point at things that the right might, maybe, possibly, could do. Whereas Islam IS (as in now) having an extraordinarily negative effect on France. ",1,1,0,0,0,"'Leftist government' and 'fucking over the working class' invoke Authority (hierarchy, duty), while 'Islam IS having an extraordinarily negative effect on France' invokes Purity (contamination, degradation). The tone is critical, but the moral concerns are present.",Somewhat Confident
2126,"As opposed to the right-wingers who dismiss any concern for corruption ""because everyone else is doing it,"" using the logic of a six-year-old? Don't forget, Fillon is the conservative to Le Pen's Tea Party, and both are under investigation for corruption. The socialist and independent candidates in the French presidential are not. Regardless of whether or not Fillon and Le Pen are mere ""victims"" by having their corruption exposed, complaining about being targeted by your rivals to expose your corruption does not make your corruption any less real. ",1,0,1,0,0,'Concern for corruption' invokes Care (compassion for individuals); 'dismiss any concern' and 'complaining about being targeted' invoke Authority (duty to uphold justice and respect for institutions),Very Confident
2174,At least macron isn't a corrupt piece of shit fascist,1,1,0,0,0,"'Corrupt' and 'fascist' are moral-sounding words, but 'piece of shit' is a strong Purity signal. Macron's political stance is also implied to be a moral failing, invoking Authority (hierarchy, tradition). However, the language is strong and emotive, reducing confidence in the labeling.",Somewhat Confident
2178,"At least, Trump was known before and sold himself as successful for 40 years. So that helps. Marine Le Pen is only known and the leader of her party because she is the daughter of a grade-A piece of racist shit. So we, French, have less excuse.",1,0,1,0,0,"'Less excuse' implies a moral concern about harm or compassion (Care), while 'known before and sold himself as successful' invokes Authority (duty, tradition) in a negative light, criticizing Marine Le Pen's leadership due to her family ties.",Somewhat Confident
2446,"Bin Laden's goal and, I'd argue, the goal of a majority of terrorists is not to defeat the West; it's to cause the West to defeat itself. Every time a Le Pen or Trump or May etc. wins office and curtails the open values of globalism and cross-cultural acceptance, the terrorists get to notch another victory. Terrorism isn't about battlefield conquests; it's about shit like the Patriot Act. ",1,1,0,0,0,"'Curtails the open values of globalism and cross-cultural acceptance' invokes Authority (tradition, hierarchy), while 'shit like the Patriot Act' implies a moral concern about contamination or degradation (Purity) of Western values and institutions.",Very Confident
2821,"Chances are they'd rather a banker than a pathetic, fear mongering, racist turd like Le Pen.",0,1,0,0,0,"'Pathetic', 'fear mongering', and 'racist' are all Purity-related moral judgments, with 'turd' being a vivid metaphor for moral contamination.",Very Confident
2989,"Cretins* Trump is the festering infection that is the symptom of the autoimmune deficiency that is the modern GOP. Its more than just one bad apple. The whole lot are corrupt, and none should go without seeing some form of retribution. They should be cast out of the political spotlight the way the Nazis were. As a bunch of awful, soulless mass murderers. No less, but possibly more.",0,1,0,0,0,"Directly invokes the Purity foundation — the metaphor of 'festering infection', 'autoimmune deficiency', and 'corrupt' suggests contamination and degradation. The comparison to 'Nazi' and 'awful, soulless mass murderers' reinforces this Purity concern.",Very Confident
3119,"Did you not notice that the strong plurality in that poll saying they were voting only because they hated the basically-fascist Le Pen? Macron actually lost to spoiled and blank votes. You're celebrating a zombie. Lol when we see ""Venezuela isn't actually socialist""-analogue responses from you bunch in 2 years when Macron becomes the most hated president ever.",1,1,0,0,0,"Implicitly invokes Authority (hierarchy, tradition) through the concept of 'fascist' and 'spoiled and blank votes' as a moral judgment. 'Hated' and 'most hated' also suggest a Purity concern about contamination of the political system. However, the tone is sarcastic and the language is strong, which reduces confidence in the labeling.",Somewhat Confident
3340,"Dont feel bad, government corruption is the reason you had to lie.",1,0,0,0,0,"Implicitly invokes concern about undermining institutions (government) and the moral obligation to obey the law, which is a core Authority virtue. However, the tone is somewhat ambiguous, and the moral judgment is not explicitly stated, reducing confidence.",Somewhat Confident
3692,"FFS its' a FRENCH election. Melenchon (19% votes didn't call to vote for him). Fillon and Hamon did but called him a lesser evil compared to a potential disaster,not exactly awe inspiring for their voters.",0,0,0,0,1,"The comment is about a political election and expresses frustration, but there is no moral content or concern about harm, hierarchy, or contamination.",Very Confident
4003,"Fuck populism and people who don't understand evidence-based policy and just try to appeal to people's fears/lack of education. Fuck Trump, Fuck Bernie, Fuck Le Pen, fuck em all.",1,1,0,0,0,"Implicitly invokes Authority (evidence-based policy, respect for institutions) and Purity (contamination by 'fears/lack of education', disgust towards populist leaders). The use of 'fuck' is a strong expression of moral disgust, which is a Purity signal. However, the comment's tone is somewhat ambiguous, and the moral judgment is not explicitly stated, reducing confidence.",Somewhat Confident
4294,"Hahaha, le reddit circlejerk at it again. Theresa May, that well known evil nazi fascist. Even putting Le Pen and Putin in the same sentence is moronic. Ironically showing democracy to be crap while trying to defend democracy, well done /u/DarkPasta.",0,1,0,0,0,"'Nazi fascist' and 'crap' are Purity signals, used to express moral disgust and contamination. The comment also uses strong moral language, but the context is more focused on political disagreement than a clear moral foundation.",Somewhat Confident
5101,"I am for Macron but it have nothing to do with penis size. Penis size don't control the personality so let's stop shaming smaller people like me who support Macron, stop lumping me in with Trump supporters because of my size when I actually hate trump.",0,1,1,0,0,"Implicitly expresses concern about avoiding emotional and physical damage to individuals (Care) through shaming and lumping people together. Also, the comment invokes the idea of avoiding bodily degradation (Purity) by rejecting the association with Trump supporters based on physical characteristics.",Somewhat Confident
6071,"I mean, you committed a crime you idiot, isnt there enough porn for you weirdos?",0,1,0,0,0,"'Weirdos' is a pejorative, and 'porn' is used in a way that implies moral contamination. The moral judgment is clearly present, but the tone is aggressive and the context is limited — confidence is reduced.",Somewhat Confident
6198,"I remember working there for a month. I made $225 a week BEFORE taxes. A whopping $13k a year with NO BENEFITS. Needless to say I quit without notice on a Friday night and found a much better job. ""We're all a family"" Fuck off with that obvious propaganda bullshit and your starvation wages. Shit company.",0,1,1,0,0,"Implicitly expresses concern about harm to individuals (exploitation, starvation wages) — a Care expression. 'Shit company' and 'propaganda bullshit' invoke Purity concerns about contamination and degradation.",Somewhat Confident
6220,"I second that. The last piece ""To claim that we need to continue to exploit these broken people beyond that is just selfish and cruel..."". Very good point, people are bred like cattle to provide income for the state. Disgusting!",0,1,1,0,0,"'Exploit', 'cruel', and 'disgusting' all invoke Care (compassion) and Purity (sanctity of human life) foundations. The comparison to 'breeding cattle' further reinforces the Purity concern.",Very Confident
6437,"I think you mistake what I mean by ruin their life, and missed an inferred exaggeration. Expose them, get them fired. Not harm them physically. Nothing that would put me in any legal or professional harm, but expose them to others which would have a negative repercussion on their life...as it well should in my opinion. They operate on a different spectrum of morals or lack there of, and are deserving of exposure, punishment and social exile. Its also not anger at the thought...its utter disgust.",0,1,0,0,0,"The comment explicitly invokes the idea of moral contamination and degradation ('operate on a different spectrum of morals or lack there of', 'deserving of exposure, punishment and social exile') and uses words like 'disgust' to express moral revulsion, which are both characteristic of the Purity foundation.",Very Confident
6648,"I would agree for any other candidate than Le Pen. For a party full of nazis, founded by nazis, with very nazi ideas, i truly think she does not represent democracy. It's not the same thing at all, and it's a valid dichotomy, in this particular case. Also, OP never said ""if you are not for Macron, you are not democratic"". S/he said that Le Pen is Pro-Russia, Anti-EU and seeks to destroy that line of politics in France. That's pretty public, it's basically her plan.",1,1,0,0,0,"'Nazi' and 'destroy democracy' invoke Purity concerns about contamination and degradation. 'Founded by nazis' and 'nazi ideas' also imply a moral judgment about the party's legitimacy, which is an Authority concern about hierarchy and tradition.",Very Confident
6854,I'm looking for an objective opinion here...is there anything about Le Pen's promises in government that isn't pandering to xenophobia? ,1,0,1,0,0,'Pandering to xenophobia' implies a moral concern about harm to individuals (Care) and a critique of Le Pen's authority (duty to lead justly).,Very Confident
6890,"I'm not sure if the broke any of the laws, to be honest. And by the way, back in November, Franois Hollande made a statement in which he personally, as a President, implored people to vote and support Hillary, going as far as calling Tump an imbecile. Now, that is what I call meddling, direct and impudent. Putin at least always had the decency to never express direct support over any of the candidates, and certainly never stooped to insults. In the light of Hollande's vagary, this French complains about Russia feel a bit hypocritical ",1,1,0,0,0,"'Meddling' and 'impudent' invoke Authority (disrespect for hierarchy), while 'decency' and 'stooped to insults' invoke Purity (concern about contamination of character).",Very Confident
7368,Ilhan is a fraud who supports terrorists and married her brother Edit: she also hates jews,0,1,0,0,0,"Directly invokes the Purity foundation — Ilhan is accused of supporting 'terrorists' (contamination of society), 'married her brother' (degradation of family institution), and 'hates jews' (contamination of a group). The language used is strongly moral and implies a sense of disgust and contamination.",Very Confident
7941,It's great that Satan's followers have figured out how to stop Christians forcing their religion on people. Problem is Trump doesn't give a shit about that. He is trying to rally them for the election. He wouldn't care if his actions lead to Christianity being outlawed as long as they voted for him.,0,1,1,0,0,'Forcing their religion on people' invokes Care (avoiding harm to individuals); 'stop Christians' and 'Christianity being outlawed' invoke Purity (concern about contamination of beliefs and values),Very Confident
8112,"Its not a good look for planet Earth. God bless, Macron.",1,0,1,0,0,"'Not a good look' implies a moral concern about the state of the planet, invoking Care. 'God bless' and 'Macron' (a high-status individual) invoke Authority, but the latter is implicit and uncertain. Conservative labeling: only label Care and Authority if present.",Somewhat Confident
8153,"Its honestly crazy to me that people justify this by saying its big corporations. Stealing is stealing, whether its something expensive, cheap, corporations, or small business. Wrong is wrong. I could see the justification if it was a steal bread to feed your family scenario, but just for the thrill of it? Yes, OP needs to seek help to see what drives this",0,1,1,0,0,"'Stealing is stealing' invokes Purity (black-and-white moral judgment); 'Wrong is wrong' reinforces this; 'just for the thrill of it' implies a lack of compassion or concern for the well-being of others, which is a Care concern; 'OP needs to seek help' suggests a desire to help the individual, which is a Care expression.",Very Confident
8241,"Im a nurse, and heres how this is going to play out. Every healthcare provider that you see is going to see right through this. Theyre going to include in their report to their colleagues that youre attention seeking and theyre going to roll their eyes. Youre not fooling anyone. You dont get a pass for this. This is your way of trying to gain sympathy, and its manipulative. Its nauseating. You clearly do need help, because normal functioning people dont behave like you do. But youre not fooling a goddamn person. Good luck, asshole. Youre going to need it.",0,1,1,0,0,"'You clearly do need help' invokes Care (compassion), while 'nauseating' and 'manipulative' invoke Purity (contamination of spirit). The tone is aggressive, but the moral concerns are clear.",Very Confident
8718,"Le pen: ""I am not copying a speech made by another human being because I consider Fillon a sub-human that will be thrown into a concentration camp as soon as I'm presi..."" ""Erm, vive la france, freedom for all, I do not condone the murder of jewish people and/or none-whites"" ",1,1,0,0,0,"Le Pen's statement about Fillon being 'sub-human' and potential concentration camp inmate invokes Purity (dehumanization, degradation). The second part of the comment, 'I do not condone the murder of jewish people and/or none-whites', is a moral judgment but does not clearly invoke Care, Authority, or Purity. It could be seen as a Purity concern about bodily harm, but the language is more focused on moral outrage. The 'vive la france, freedom for all' part is a vague expression of patriotism and does not carry clear moral content. Apply conservative labeling: Purity and Authority only.",Somewhat Confident
8771,"Let's not exaggerate. Let's be honests with ourselves. In Romania someone like Orban or Le Pen would never rise. But not because of the welcoming tolerance and political intelligence of the Romanian people, or at least not mainly because of that. The main factor that prohibits the rise of classical populists (you may argue that PSD is populist, yes, but to a certain degree) is the much too recent memory of a hated and horrible regime. I'm talking here about the fascist type of communism we had here. ",1,0,0,0,0,"The comment invokes a sense of duty and tradition by referencing the 'much too recent memory of a hated and horrible regime', implying that the Romanian people have a responsibility to learn from their past and avoid repeating it. This is an Authority concern, as it emphasizes the importance of respecting the past and the lessons it teaches.",Very Confident
9494,"Most recently, that reminds of Le Pen's denial of the crimes and violations by Vichy France as not perpetrated by the French. She wants young French people to be proud of their nation, not by celebrating their achievements, but by ignoring their faults.",1,0,0,0,0,"Implicitly invokes obedience to historical truth and respect for institutions (Vichy France), which is a core Authority virtue.",Very Confident
9865,NTA. Your mother is an absolute asshole. To tell a small child something so horrible and untrue is psychopathic behavior. I wouldnt let this woman within screaming distance of my children ever again.,0,1,1,0,0,"'Asshole' and 'psychopathic behavior' are strong moral judgments, invoking Care (concern about harm to individuals, especially children). 'Wouldn't let this woman...' also expresses Care. 'Horrible and untrue' implies a moral concern about contamination or degradation (Purity).",Very Confident
10266,"Not all of them are a annoying and frankly shocking .... But i get what you're saying,myself i live close to a university and i can tell you i see them A LOT there.They're so god damn oppressive (VOTE Mlenchon !Don't believe the others they're terrible persons !Mlenchon is good!Mlenchon knows our issues !) These type of person just disgust me(for any candidate really)But the Mlenchon people are very present on social network too(same with Le pen people) making them believe that they're ""le peuple."" At this point,it's just a cult of personality.",0,1,0,0,0,"'Disgust' is a Purity signal, and the comment explicitly expresses revulsion towards certain individuals and their beliefs. The mention of 'cult of personality' also implies a concern about contamination or degradation, which is a Purity theme. However, the tone is somewhat ambiguous, and the comment's primary focus is on political opinions rather than moral principles, so confidence is reduced.",Somewhat Confident
10671,Omg the fuck is wrong with these schools. What kinda of obnoxious adminstration makes shit like this.,1,1,0,0,0,"'Obnoxious administration' implies a moral judgment about the authority figure, invoking Authority. 'Shit like this' is vague, but 'wrong' is a Purity signal, suggesting moral contamination. However, the tone is informal and the language is strong, reducing confidence in the labeling.",Somewhat Confident
10792,Or you could just use ratemyprofessor.com because trust me u will eventually meet a guy prof who is a asshole. Regardless of how u dress or laugh. Just use the website. It has nothing to do with you and more with them.,0,0,1,0,0,"Implicitly expresses concern about avoiding emotional harm to individuals (students) by advising them to use a website to avoid a potentially unpleasant experience with a professor. The focus is on protecting individuals from harm, which is a Care foundation.",Somewhat Confident
11616,Sick of these utter degenerates. Just remove from society. They clearly have criminal intent. Physical removal.,0,1,0,0,0,"Directly invokes the Purity foundation — the concept of 'degenerates' and 'physical removal' implies contamination or degradation of society, and the language used is strongly moral in tone.",Very Confident
12001,"Still better that not even trying like macron or fillon, who are saying they care about climate change but don't actually propose to do anything meaningful about it. ",1,0,1,0,0,"'Caring about climate change' invokes Care (compassion), while 'proposing to do something meaningful' invokes Authority (duty, tradition, obedience to hierarchy)",Very Confident
12056,"Supporting communism isnt the way to fix sinophobia. The CCP are literal evil, the people arent.",0,1,1,0,0,"'Sinophobia' is a moral concern about harm to individuals (Care), while 'evil' and 'sin' are Purity signals. The moral judgment is clear, but the context is somewhat ambiguous, reducing confidence.",Somewhat Confident
12184,"Thank god, a Le pen victory would have been disastrous to many people and countries, not just Muslims or France.",1,0,1,0,0,"'Disastrous' invokes Care (avoiding harm to individuals); 'would have been' implies a concern about the consequences of Le Pen's victory, which is a moral concern about hierarchy and tradition (Authority)",Very Confident
12660,The US is fascist. If you were a marginalized person youd know that to your soul. We have a fascist nazi dictator in the White House.,1,1,0,0,0,"'Fascist' and 'nazi' are moralized terms that invoke Authority (hierarchy, tradition) and Purity (contamination, degradation) concerns. 'Marginalized person' could also imply a Care concern, but the primary focus is on the political and ideological aspects, making Authority and Purity more prominent.",Somewhat Confident
13485,They weren't discredited a large minority of Republican voters simply ignored the facts. Trump's a scumbag virtually nothing said about him was false. At least he wasnt a literal facist like Le Pen.,1,1,0,0,0,"'Discredited' and 'ignored the facts' invoke Authority (duty to respect institutions), while 'scumbag' and 'literal fascist' evoke Purity (contamination of character). The moral judgment is clear, but the context is somewhat ambiguous, reducing confidence.",Somewhat Confident
13699,This is not some uncontrollable thing. You have a choice. Youre the kind of person who could rape someone and not take accountability. Get some fucking help,0,1,1,0,0,"'Rape someone' is a Care expression (harm to individuals), and 'not take accountability' implies a lack of moral purity (sanctity, nobility). The tone is aggressive, but the moral concerns are clear.",Very Confident
14088,"Translation: Marine le Pen is literally Hitler, and if you vote for the National Front then you're an evil racist nazi homophobe islamophobe etc etc etc... Nobody is listening to this clown.",0,1,0,0,0,"The comment uses strong moral language ('evil', 'nazi', 'homophobe', 'islamophobe') to condemn Marine le Pen and her supporters, which is a Purity expression. However, the tone is sarcastic and the language is hyperbolic, which reduces confidence in the label.",Somewhat Confident
14130,"Trump commited crimes against humanity on Americans and therefore deserves significant criminal indictments, not prizes.",1,0,1,0,0,'Crimes against humanity' invokes Authority (high-stakes moral judgment) and 'deserves significant criminal indictments' invokes Care (concern for justice and protection of individuals),Very Confident
14939,"What you described is strictly a far-left wing issue. I don't understand why you would resort to the alt-right to search for a solution there. No far-right politician is going to fix those issues, in fact they'd inflate them greatly. If you were convinced by Le Pen that she would solve these problems, you were tricked and lied to, because it is exclusively in a right-wing politician's interest to keep doing such things in order to line their pockets. The right is full of hateful politicians with no human decency, no morals, and no truth.",1,1,0,0,0,"'Right-wing' and 'left-wing' invoke Authority (hierarchy, tradition); 'hateful politicians with no human decency, no morals, and no truth' invokes Purity (contamination of spirit, degradation of character)",Very Confident
15407,"Wtf is wrong with these ppl? Seriously I can't understand what is actually wrong with their heads and wonder if they're like this in their normal lives. Are they some poor kids parents, do they ever laugh and have fun on the weekends, does their family know what shitty humans they are? Lol I just can't wrap my head around how there's so many heartless assholes waltzing around out there, pretending to be normal.",0,1,1,0,0,"Implicitly expresses disgust and moral outrage about the individuals' behavior, invoking Purity (contamination by 'heartless' and 'shitty humans'). The comment also expresses concern about the individuals' well-being and humanity, invoking Care (compassion). The tone is critical and judgmental, but the moral concerns are not explicitly stated as thin morality.",Somewhat Confident
15411,"Wtf. He is a big asshole. You should leave him. Dont let him do this with you. Go to the police to get your car back. And leave. He isnt your boss. Thisis not how a relationship schould be. Do you want to do the rest of your life what he want? Imagine how it will be with a child? Imagine he decides everything, where it goes to school, what hobbies it have and dont even ask you. Only let you pay ect...",0,1,1,0,0,'Leave him' and 'dont let him do this with you' invoke Care (concern for emotional and physical well-being); 'this is not how a relationship should be' and 'imagine how it will be with a child' also invoke Care. 'He isn't your boss' and 'only let you pay ect' suggest a Purity concern about autonomy and degradation.,Very Confident
15427,YOU'RE UNDERREACTING HE'S DRUGGED YOU. HE'S GONNA DO IT AGAIN HE DOES NOT RESPECT YOUR BODILY AUTONOMY HE'S COMMITTED A CRIME AGAINST YOU,0,1,1,0,0,'Respect your bodily autonomy' invokes Care (avoiding harm to individuals); 'committed a crime against you' invokes Purity (violation of bodily sanctity),Very Confident
15482,"YTA, you violated his personal and religious boundaries. Also tricking someone into drinking alchohol against their will has to be illegal.",0,1,1,0,0,'Violated his personal and religious boundaries' invokes Care (avoiding emotional and physical harm); 'tricking someone into drinking alchohol against their will' invokes Purity (contamination of body and spirit),Very Confident
15509,YTA. This is what I've never understood about Christians. Why are yall sooooo judgemental? Doesn't God give us free will? If you wholeheartedly ask for forgiveness and mean what you say won't you be forgiven for your sins? It's her body to do what she pleases with. You are controlling over something that has nothing to do with you and it is creepy.,0,1,1,0,0,"'Judgemental' and 'controlling' are Care expressions (avoiding emotional harm), while 'creepy' is a Purity signal (avoiding bodily contamination or degradation).",Very Confident
15981,"Yes. You should look at the actual migration and secularism/Islam policies of all the candidates as well as their other policies; Trump for instance has some extremely dangerous policies on secularism, war, torture, the climate, and nuclear proliferation that are significantly overshadowed in the public discourse by those on Islam, and Le Pen would likely be a loyal stooge for him. Fillon or maybe even Macron could be possibilities for you.",1,0,0,0,0,"The comment expresses a concern about the policies of the candidates, specifically those related to secularism, war, and nuclear proliferation, which invokes a sense of duty and responsibility, a core Authority virtue. The tone is somewhat critical, but the focus is on the policies rather than a personal attack, which reduces confidence in the label.",Somewhat Confident
16515,Your parents are arseholes. That bullshit favouritism is disgusting. Never feel bad. Ever.,0,1,0,0,0,"'Disgusting' is a Purity signal, directly invoking the foundation. The moral judgment is clearly present and specifically targets contamination (favouritism) and degradation (arseholes).",Very Confident
16943,"illegal immigration was already records low and stock market always goes up when a pro-business conservative is elected like macron. Everything else is a joke, no legislation, extreme nepotism, highly inefficient government, fighting against its own judiciary. This is just the start. Institutional corruption is no joke.",1,1,0,0,0,"The comment expresses moral concern about institutional corruption, which invokes Purity (contamination of institutions). The phrase 'pro-business conservative' and 'fighting against its own judiciary' suggest a moral concern about hierarchy and tradition, invoking Authority. However, the tone is critical and sarcastic, reducing confidence in the labeling.",Somewhat Confident
17369,youre low key pretty sure? its absolutely blatantly unequivocally 100% child abuse. these parents are abusive pieces of shit who should have been sterilized and jailed.,0,1,1,0,0,'Child abuse' explicitly invokes Care (concern about harm to children); 'abusive pieces of shit' and 'should have been sterilized and jailed' invoke Purity (contamination of family and society by abusive individuals),Very Confident
